EDT Reach,Proxy EDT Reach for Temperature
RB Trib 2346 (SF Newakum)-1, Beaver-1
RB Trib 2184 (Little)-1, RB Trib 0399 (WF Satsop)-1
RB Trib 2227 (Bush)-1, RB Trib 2240 (WF Wildcat)-1
LB Trib 1294 (Ballon)-1, Archer Cr-2
Chehalis-10, Chehalis-11
Schafer Slough-1, LB Trib 2203 (LB Trib 0459)-1
LB Trib 2044 (Stevens)-1, LB Trib 2044 (Brittain)-1
RB Trib 2270 (Waddell)-1, Waddell Cr-2
Hatchery-2, LB Trib 0076 (Hump)-1
Chehalis-9, Chehalis-11
LB Trib 0158 (NF L Hoquiam)-1, LB Trib 0162 (L Hoquiam)-2
Chehalis-5, Chehalis-11
Sherman-3, Sherman-2
Sherman-2, Cedar-4
LB Trib 0159 (NF L Hoquiam)-1, LB Trib 0162 (L Hoquiam)-2
LB Trib 2238 (Wildcat)-1, RB Trib 2240 (WF Wildcat)-1
Berryman-1, Lytle-1
LB Trib 2133 (LB Trib 0299)-1, LB Trib 0296 (Schafer)-1
RB Trib 2159 (LB Trib 2158)-1, LB Trib 2157 (Big)-1
RB Trib 2349 (SF Newaukum)-1, RB Trib 2355 (Door)-1
RB Trib 0220 (WF Wishkah)-1, RB Trib 0221 (WF Wishkah)-1
LB Trib 2074 (EF Hoquiam)-1, RB Trib 0150 (EF Hoquiam)-1
RB Trib 1275 (Gold)-1, RB Trib 1298 (SF Johns)-1
RB Trib 2334 (Newaukum)-1, LB Trib 2339 (Newaukum)-1
LB Trib 1360 (EB Elk)-1, LB Trib 1354 (RB Trib 1352)-1
Hematite-1, RB Trib 0069 (Stevens)-2
Damon-1, Damon-2 (lake)
Star Lake, RB Trib 0517 (Cloquallum)-2
RB Trib 0272-1, LB Trib 0270 (Black)-1
Bernard-2, Bernard-1
Hatchery-1, LB Trib 0076 (Hump)-1
LB Trib 2313 (Skookumchuck)-1, LB Trib 2328 (LB Trib 0786)-1
LB Trib 2290 (Lincoln)-1, RB Trib 2291 (Lincoln)-1
LB Trib 0300 (Schafer)-1, Neil-1
LB Trib 2057 (Hump)-1, LB Trib 2065 (Rampage)-1
Cloquallum-10, Cloquallum-9
LB Trib 2060 (Hump)-1, RB Trib 2054 (Hump)-1
RB Trib 2148 (RB Trib 2147)-1, RB Trib 2144 (Wynoochee)-1
LB Trib 2081 (LB Trib 2080)-1, Stewart-1
RB Trib 2344 (SF Newaukum)-1, Beaver-1
LB Trib 2056 (Hump)-1, Newbury-1
Shaw-1 (GH), Shaw-2
RB Trib 0041 (Hump)-1, LB Trib 0063 (Hump)-1
Elk-3, Elk-4
LB Trib 2026 (Hump)-1, LB Trib 0076 (Hump)-2
RB Trib 0186 (WF Hoquiam)-1, LB Trib 0185 (WF Hoquiam)-1
RB Trib 2058 (Grouse)-1, RB Trib 2064 (LB Trib 2062)-1
LB Trib 2284 (Prairie)-1, LB Trib 2285 (LB Trib 2284)-1
Hanaford-4, Hanaford-3
LB Trib 2142 (LB Trib 2141)-1, LB Trib 2141 (Wynoochee)-1
EF Hoquiam-9, EF Hoquiam-10
LB Trib 0072 (Stevens)-1, RB Trib 0069 (Stevens)-2
LB Trib 2350 (SF Newaukum)-1, LB Trib 0907-1
Mox Chehalis-2, Mox Chehalis-1
LB Trib 2379 (Absher)-1, Dunn Cr-1
RB Trib 2318 (South Hanaford)-1, LB TRib 2317 (Hanaford)-1
LB Trib 2143 (LB Trib 2141)-1, LB Trib 2141 (Wynoochee)-1
LB Trib 0162 (L Hoquiam)-1, NF L Hoquiam-5
RB Trib 0147 (LB Trib 0146)-1, LB Trib 0154 (EF Hoquiam)-1
LB Trib 2068 (LB Trib 2067)-1, RB Trib 2071 (Grass)-1
RB Trib 1347 (MB Elk)-1, RB Trib 1342 (Elk)-1
LB Trib 2158 (Wynoochee)-1, LB Trib 2157 (Big)-1
Creamer Slough-4 (RB side channel), EF Satsop-5
LB Trib 2040 (Stevens)-1, RB Trib 0066 (Stevens)-4
Black River-5, Black River-6
LB Trib 2343 (SF Newaukum)-1, RB Trib 2340 (SF Newaukum)-1
LB Trib 0052 (Fairchild)-4, LB Trib 0053 (Fairchild)-1
WF Hoquiam-11, WF Hoquiam-12
RB Trib 2364 (Lucas)-1, Lucas-3
LB Trib 2362 (NF Newaukum)-1, Jested-1
RB Trib 2035 (Hump)-1, LB Trib 0063 (Hump)-1
Gheer-3, Kearney Cr-2
LB Trib 2020 (Deep)-1, RB Trib 0024 (Deep)-1
Chehalis-4, Chehalis-11
RB Trib 0983-1, Sep Cr-1
Chehalis-8, Chehalis-11
LB Trib 2359 (RB Trib 0890)_1, LB Trib 2357 (LB Trib 0889)-1
RB Trib 2121 (Wynoochee)-1, Pretzel-1
RB Trib 2314 (Thompson)-1, RB Trib 2325 (Hanaford)-1
LB Trib 2127 (Carter)-1, LB Trib 0292 (Carter)-1
LB Trib 2019 (RB Trib 0024)-1, RB Trib 0024 (Deep)-1
LB Trib 0201 (EF Wishkah)-1, EF Wishkah-2
LB Trib 2276 (Trib 0698)-1, Trib 0707-1
RB Trib 2099 (RB Trib 2097)-1, RB Trib 2097 (Van Winkle)-1
LB Trib 2075 (EF Hoquiam)-1, Lytle-1
LB Trib 0211 (Wishkah)-1, LB Trib 0195-1
LB Trib 2182 (Canyon)-1, RB Trib 0378 (Canyon)-1
RB Trib 1346 (MB Elk)-1, RB Trib 1349 (Elk)-2
LB Trib 2201 (MF Satsop)-1, RB Trib 2185 (WF Satsop)-1
Chehalis-3, Chehalis-11
WF Hump-13, WF Hump-12
LB Trib 2003-1, Newskah Cr-1
LB Trib 2333 (Berwick)-1, Frase-1
Creamer Slough-3, EF Satsop-5
LB Trib 2136 (RB Trib 2135)-1, RB Trib 2144 (Wynoochee)-1
LB Trib 2187 (WF Satsop)-1, RB Trib 2185 (WF Satsop)-1
Halsea Cr (Upper Chehalis)-1, McCormick Cr-1
Elk-12, Elk-13
RB Trib 2383 (Chehalis)-1," RB Trib 1153-1
"
Ballon-1, Ballon-2
LB Trib 0090 (EF Hump)-1, Flatbottom-1
RB Trib 2117 (Geisler)-1, Geisler-1
LB Trib 2197 (RB Trib 2195)-1, Decker-3
LB Trib 2018 (Damon)-1, LB Trib 2044 (Brittain)-1
RB Trib 0518 (Cloquallum)(Arrowhead Lk)-2, RB Trib 0517 (Cloquallum)-2
LB Trib 2360 (RB Trib 0890)-1, LB Trib 2357 (LB Trib 0889)-1
LB Trib 2049 (EF Hump)-1, RB Trib 0099 (EF Hump)-1
RB Trib 2271 (Waddell)-1, RB Trib 0682-1
RB Trib 2021 (Deep)-1, Shaw-4
LB Trib 0181 (Davis)-1, LB Trib 0182 (Davis)-1
LB Trib 0011 (Burg)-1, LB Trib 0012 (Burg)-1
RB Trib 0467 (Outlet)-1, Outlet-1
LB Trib 2055 (Newbury)-1, RB Trib 0066 (Stevens)-2
LB Trib 2039 (Stevens)-1, RB Trib 0066 (Stevens)-4
RB Trib 2022 (Deep)-1, Shaw-4
LB Trib 0185 (WF Hoquiam)-2, LB Trib 0185 (WF Hoquiam)-3
RB Trib 2380 (Elk)-1, Eight Cr-2
LB Trib 2134 (LB Trib 0299)-1, LB Trib 0296 (Schafer)-1
RB Trib 1340 (Elk)-2, RB Trib 1340 (Elk)-1
Beaver Cr-1 (GH), Harbor Trib 2001-1
LB Trib 2077 (EF Hoquiam)-1, RB Trib 0150 (EF Hoquiam)-1
LB Trib 2073 (MF Hoquiam)-1, MF Hoquiam-8
RB Trib 0152 (EF Hoquiam)-1, LB Trib 0140 (EF Hoquiam)-1
LB Trib 0205 (RB Trib 0204)-1, RB Trib 0204 (EF Wishkah)-2
LB Trib 0107 (WF Hump)-1, Newbury-3
RB Trib 0483 (Newman)-1, Vance-2
WF Wishkah-4, WF Wishkah-3
LB Trib 2320 (Hanaford)-1, Hanaford-3
RB Trib 2319 (South Hanaford)-1, LB TRib 2317 (Hanaford)-1
LB Trib 2072 (Hoquiam)-1, RB Trib 2016 (Hump)-1
Elk-6, Elk-7
LB Trib 1363 (EB Elk)-1, Elk-13
RB Trib 2069 (LB Trib 2067)-1, RB Trib 2071 (Grass)-1
LB Trib 1165-1, LB Trib 1167-1
RB Trib 2043 (Stevens)-1, RB Trib 0069 (Stevens)-3
LB Trib 0416 (Smith)-1, Smith-2
LB Trib 2246 (EF Wildcat)-1, RB Trib 0512 (EF Wildcat)-1
RB Trib 2181 (WF Satsop)-1, Black Cr (Satsop)-1
LB Trib 2140 (RB Trib 2139)-1, Anderson (upper)-1
RB Trib 2361 (NF Newaukum)-1, Jested-1
RB Trib 0224 (Wishkah)-1, LB Trib 0217 (WF Wishkah)-1
RB Trib 2183 (WF Satsop)-1, RB Trib 0399 (WF Satsop)-1
LB Trib 2046 (Elwood)-1, Brittain-2
LB Trib 2229 (Cloquallum)-1, LB Trib 2226 (Cloquallum)-1
LB Trib 0463 (EF Satsop)-1, RB Trib 0409 (EF Satsop)-1
EF Hoquiam-4, EF Hoquiam-3
EF Hump-9, EF Hump-10
LB Trib 2371 (Lost)-1, LB Trib 2372 (Stillman)-1
LB Trib (Hanaford)-1, Packwood-2
RB Trib 0160 (NF L Hoquiam)-1, LB Trib 0162 (L Hoquiam)-2
Chehalis-6, Chehalis-11
EF Satsop-11, EF Satsop-12
Chehalis-1, Chehalis-11
RB Trib 2199 (MF Satsop)-1, LB Trib 0421 (MF Satsop)-1
RB Trib 2034 (SB Big)-1, LB Trib 0056 (Big)-1
LB Trib 2041 (Stevens)-1, RB Trib 0066 (Stevens)-2
RB Trib 2012 (Campbell)-1, LB Trib 2011 (Campbell)-1
RB Trib 0057 (Big)-1, Fairchild-1
RB Trib 2025 (LB Trib 2023)-1, LB Trib 2042 (Hematite)-1
Chehalis-2, Chehalis-11
RB Trib 2024 (LB Trib 2023)-1, LB Trib 0232 (Wishkah)-1
LB Trib 2254 (Gaddis)-1, Gaddis-1
Mopang-2, Hansen-3
LB Trib 2342 (SF Newaukum)-1, Kearney Cr-2
RB Trib 2247 (LB Trib 2246)-1, LB Trib 2232 (Rock)-1
LB Trib 2348 (SF Newaukum)-1, Door-1
LB Trib 2152 (LB Trib 2151)-1, LB Trib 2154 (Anderson)-1
RB Trib 2030 (Hansen)-1, LB Trib 0059 (S Branch Big)-1
RB Trib 2135 (Wynoochee)-1, LB Trib 2150 (Wynoochee)-1
RB Trib 0216 (Raney)-1, LB Trib 0232 (Wishkah)-1
LB Trib 2096 (EF Wishkah)-1, LB Trib 0208 (EF Wishkah)-1
LB Trib 0209 (EF Wishkah)-2, East Fork Wishkah-9
Harris Cr-1, LB Trib 0730-1
LB Trib 2126 (Helm)-1, Helm-1
LB Trib 2228 (Cloquallum)-1, LB Trib 2239 (WF Wildcat)-1
LB Trib 2033 (Big)-1, LB Trib 0052 (Fairchild)-2
RB Trib 1310 (NF Johns)-2, RB Trib 1310 (NF Johns)-1
Scatter Cr-1, Scatter Cr-2
LB Trib 2358 (MF Newaukum)-1, MF Newaukum-3
LB Trib 0298 (Schafer)-1, Neil-1
Creamer Slough-1, EF Satsop-5
Satsop Springs-1, EF Satsop-9
RB Trib 0199 (Wyman)-1, Berry-1
LB Trib 2260 (Cedar)-1, Cedar-2
Elk-15, LB Trib 1362 (EB Elk)-1
Kelsey Slough-1, Dry-1
RB Trib 0186 (WF Hoquiam)-2, LB Trib 0185 (WF Hoquiam)-3
LB Trib 2230 (RB Trib 0517)-1, LB Trib 2226 (Cloquallum)-1
LB Trib 0141 (EF Hoquiam)-1, LB Trib 0140 (EF Hoquiam)-1
RB Trib 2308 (Skookumchuck)-1, Skookumchuck-11
RB Trib 2036 (Hump)-1, RB Trib 2016 (Hump)-1
NF Newaukum-10, RB Trib 0911-1
LB Trib 0074 (Stevens)-1, LB Trib 0076 (Hump)-2
RB Trib 2050 (EF Hump)-1, LB Trib 0094 (EF Hump)-1
EF Satsop-6, EF Satsop-7
LB Trib 2038 (Hump)-1, LB Trib 0076 (Hump)-1
LB Trib 2028 (Big)-1, LB Trib 0054 (Big)-1
RB Trib 2363 (Lucas)-1, LB Trib 0907-1
LB Trib 2153 (Wynoochee)-1, Anderson (upper)-2
LB Trib 1293 (Ballon)-1, LB Trib 1281 (Bluff)-1
LB Trib 0077 (Hump)-1, LB Trib 0076 (Hump)-2
RB Trib 1274 (Gold)-1, Gold-5
LB Trib 0197 (Bear)-1, LB Trib 0195-1
LB Trib 2042 (Hematite)-1, RB Trib 0066 (Stevens)-2
LB Trib 2128 (RB Trib 0293)-1, RB Trib 0293 (Carter)-1
Creamer Slough-2 (1983 channel), EF Satsop-5
RB Trib 0109 (Donkey)-1, Newbury-1
Roundtree Cr-1, Pants Cr-1
LB Trib 0588 (Monroe)-1, LB Trib 0575 (Cedar)-1
LB Trib 2078 (EF Hoquiam)-1, LB Trib 0140 (EF Hoquiam)-1
RB Trib 2210 (LB Trib 0464)-1, LB Trib 2211 (LB Trib 0464)-1
LB Trib 2347 (Gheer)-1, Kearney Cr-1
LB Trib 0894-1, LB Trib 0951-1
LB Trib 2086 (Wishkah)-1, RB Trib 0204 (EF Wishkah)-1
LB Trib 2289 (Lincoln)-1, Spoonenbergh Cr-1
LB Trib 2345 (SF Newaukum)-1, Kearney Cr-1
LB Trib 2080 (Wishkah)-1, Bear (Wishkah)-2
RB Trib 2122 (Wynoochee)-1, LB Trib 0287 (Wynoochee)-1
WB Elk-2, WB Elk-3
LB Trib 2352 (Kearney)-1, Door-1
RB Trib 0518 (Cloquallum)-1, RB Trib 0517 (Cloquallum)-1
RB Trib 2205 (Dry Run)-1, LB Trib 0459 (EF Satsop)-1
RB Trib 2137 (Wynoochee)-1, RB Trib 2123 (Wynoochee)-1
LB Trib 2200 (Baker)-1, RB Trib 2185 (WF Satsop)-1
RB Trib 2280 (LB Trib 2279)-1, RB Trib 2278 (Scatter)-1
LB Trib 2059 (Hump)-1, RB Trib 2064 (LB Trib 2062)-1
LB Trib 0088 (Widow)-1, LB Trib 0106 (WF Hump)-1
RB Trib 0070 (RB Trib 0069)-1, RB Trib 0067 (RB Trib 0066)-1
RB Trib 2115 (Wynoochee)-1, Geisler-1
RB Trib 0571 (Cedar)-1, Shelton-1
Creamer Slough-4, EF Satsop-5
LB Trib 2125 (Helm)-1, Helm-1
RB Trib 1342 (Elk)-3, RB Trib 1341 (RB Trib 1340)-1
RB Trib 2377 (Chehalis)-1, Elk Cr-2
RB Trib 2341 (SF Newaukum)-1, Frase-1
King-1, EF Satsop-2
Chehalis-7, Chehalis-11
LB Trib 1273 (Gold)-1, Gold-5
LB Trib 2032 (Big)-1, LB Trib 2029 (Big)-1
RB Trib 2193 (Dry Bed)-1, Dry-2
LB Trib 2132 (LB Trib 0298)-1, LB Trib 0296 (Schafer)-1
RB Trib 2013 (Burg)-1, LB Trib 0012 (Burg)-1
Hump-4, Hump-3
RB Trib 2061 (Hump)-1, LB Trib 2057 (Hump)-1
LB Trib 0209 (EF Wishkah)-3, East Fork Wishkah-9
RB Trib 0163 (L Hoquiam)-2, L Hoquiam-6
LB Trib 2204 (Dry Run)-1, LB Trib 2208 (Dry Run)-1
RB Trib 0163 (L Hoquiam)-1, LB Trib 0162 (L Hoquiam)-2
RB Trib 2082 (Wishkah)-1, Wyman-2
LB Trib 2202 (Walter)-1, RB Trib 2185 (WF Satsop)-1
RB Trib 0599 (Cedar)-1, LB Trib 0575 (Cedar)-1
RB Pond Outlet Trib-1, LB Trib 2044 (Brittain)-1
